{"and_init": 12001, "xor_init": 3897, "and_final": 6738, "xor_final": 7754, "time_total": 65.615455139, "and_final_sat": 6681, "xor_final_sat": 7783, "time_total_sat": 512.315394471}