{"and_init": 12001, "xor_init": 3897, "and_final": 6378, "xor_final": 8779, "time_total": 100.576560215, "and_final_sat": 6060, "xor_final_sat": 8994, "time_total_sat": 1131.765001291, "iter": 42}