{"and_init": 24941, "xor_init": 3592, "and_final": 20595, "xor_final": 6749, "time_total": 295.394558254, "and_final_sat": 20416, "xor_final_sat": 6842, "time_total_sat": 2346.663305975}