{"and_init": 24941, "xor_init": 3592, "and_final": 19942, "xor_final": 8583, "time_total": 322.952810465, "and_final_sat": 19436, "xor_final_sat": 9371, "time_total_sat": 11944.248397237996, "iter": 51}