{"and_init": 2687, "xor_init": 0, "and_final": 1471, "xor_final": 1387, "time_total": 17.364017831, "and_final_sat": 931, "xor_final_sat": 1479, "time_total_sat": 81.46348662300002, "iter": 25}