{"and_init": 2687, "xor_init": 0, "and_final": 1921, "xor_final": 766, "time_total": 12.197583836, "and_final_sat": 1921, "xor_final_sat": 766, "time_total_sat": 16.010298972}