{"and_init": 7418, "xor_init": 361, "and_final": 5982, "xor_final": 1723, "time_total": 78.92854604, "and_final_sat": 5976, "xor_final_sat": 1725, "time_total_sat": 195.627600992}