{"and_init": 7418, "xor_init": 361, "and_final": 5393, "xor_final": 3165, "time_total": 88.437219028, "and_final_sat": 5113, "xor_final_sat": 4168, "time_total_sat": 2584.3870152959994, "iter": 39}