{"and_init": 16119, "xor_init": 4301, "and_final": 12486, "xor_final": 7215, "time_total": 132.572458105, "and_final_sat": 12433, "xor_final_sat": 7272, "time_total_sat": 775.9890593570001}