{"and_init": 16119, "xor_init": 4301, "and_final": 12209, "xor_final": 8122, "time_total": 169.777591639, "and_final_sat": 11940, "xor_final_sat": 8614, "time_total_sat": 9228.487348744, "iter": 58}