{"and_init": 4937, "xor_init": 519, "and_final": 4194, "xor_final": 1572, "time_total": 56.673278084, "and_final_sat": 4075, "xor_final_sat": 1770, "time_total_sat": 405.105277775, "iter": 9}