{"and_init": 4937, "xor_init": 519, "and_final": 4383, "xor_final": 966, "time_total": 50.274038146, "and_final_sat": 4319, "xor_final_sat": 1007, "time_total_sat": 261.20770993300005}