{"and_init": 12336, "xor_init": 3746, "and_final": 7101, "xor_final": 9122, "time_total": 102.541632686, "and_final_sat": 6244, "xor_final_sat": 9640, "time_total_sat": 418.4427772349999, "iter": 13}