{"and_init": 9225, "xor_init": 3850, "and_final": 5502, "xor_final": 7406, "time_total": 28.897463929, "and_final_sat": 5449, "xor_final_sat": 7445, "time_total_sat": 109.392549277}