{"and_init": 7308, "xor_init": 1833, "and_final": 6046, "xor_final": 4917, "time_total": 55.887006233, "and_final_sat": 5651, "xor_final_sat": 6066, "time_total_sat": 262.62077502799997, "iter": 7}