{"and_init": 127, "xor_init": 61, "and_final": 38, "xor_final": 146, "time_total": 0.110222247, "and_final_sat": 32, "xor_final_sat": 150, "time_total_sat": 0.15640987299999998}