{"and_init": 6800, "xor_init": 25124, "and_final": 6800, "xor_final": 25124, "time_total": 37.481560601, "and_final_sat": 6800, "xor_final_sat": 25124, "time_total_sat": 37.481560601}