{"and_init": 5440, "xor_init": 20325, "and_final": 5440, "xor_final": 20325, "time_total": 27.323939465, "and_final_sat": 5440, "xor_final_sat": 20325, "time_total_sat": 27.323939465}