{"and_init": 6800, "xor_init": 25124, "and_final": 6800, "xor_final": 25124, "time_total": 35.431229989, "and_final_sat": 6800, "xor_final_sat": 25124, "time_total_sat": 35.431229989}