{"and_init": 150, "xor_init": 0, "and_final": 121, "xor_final": 69, "time_total": 3.653008412, "and_final_sat": 114, "xor_final_sat": 89, "time_total_sat": 6.301689549000001}