{"and_init": 18175, "xor_init": 1348, "and_final": 18017, "xor_final": 1531, "time_total": 218.917199169, "and_final_sat": 17915, "xor_final_sat": 1609, "time_total_sat": 10036.019219860997}