{"and_init": 18124, "xor_init": 1337, "and_final": 17404, "xor_final": 4096, "time_total": 251.571789251, "and_final_sat": 15093, "xor_final_sat": 11105, "time_total_sat": 8876.108468402}