{"and_init": 18124, "xor_init": 1337, "and_final": 17992, "xor_final": 1531, "time_total": 195.282237171, "and_final_sat": 17881, "xor_final_sat": 1614, "time_total_sat": 10567.767533886003}