{"and_init": 29084, "xor_init": 14133, "and_final": 12300, "xor_final": 29270, "time_total": 101.527889203, "and_final_sat": 9381, "xor_final_sat": 30325, "time_total_sat": 145.442803864}