{"and_init": 29084, "xor_init": 14133, "and_final": 12302, "xor_final": 29410, "time_total": 46.438545724, "and_final_sat": 9381, "xor_final_sat": 30873, "time_total_sat": 81.72432118}