{"and_init": 5926, "xor_init": 1069, "and_final": 4290, "xor_final": 2351, "time_total": 57.190257561, "and_final_sat": 4107, "xor_final_sat": 2473, "time_total_sat": 135.02080555}