{"and_init": 5926, "xor_init": 1069, "and_final": 4351, "xor_final": 2258, "time_total": 48.68871288, "and_final_sat": 4074, "xor_final_sat": 2441, "time_total_sat": 1143.632341166}