{"and_init": 89478, "xor_init": 42024, "and_final": 52969, "xor_final": 85608, "time_total": 240.656661498, "and_final_sat": 30899, "xor_final_sat": 95586, "time_total_sat": 1118.3389350730001}